tweet,tag
 @user when a father is dysfunctional and is so selfish he drags his kids into his dysfunction.   run,#run
@user @user thanks for lyft credit i can't use cause they don't offer wheelchair vans in pdx.     ,#lyft
model   i love u take with u all the time in urð±!!! ððððð¦ð¦ð¦  ,#model
[2/2] huge fan fare and big talking before they leave. chaos and pay disputes when they get there. allshowandnogo  ,#allshowandnogo
the next  year is the year for .ð¯ can't think about that ð­      imagine   ,#imagine
 â  consumer price index (mom) climbed from previous 0.2% to 0.5% in may   blog   ,#blog
its  ð smiles all around via ig user: @user cookies make people   ,#cookies
euro2016 people blaming ha for conceded goal was it fat rooney who gave away free kick knowing bale can hit them from there.  ,#euro2016
product of the day: happy man wine tool  who's   it's the  time to open up &amp; drink up!,#wine
 @user all  when  is   !! ðð  in  turkey ! sunday   love! ððâ¤ï¸ ,#turkey
we had a great panel on the mediatization of the public service   ica16,#ica16
50 people went to nightclub to have a good night and 1 man's actions means those people are lost to their families forever riporlando,#rip#orlando
it was a hard monday due to cloudy weather. disabling oxygen production for today.  badmonday  ,#badmonday
it's unbelievable that in the 21st century we'd need something like this. again.   xenophobia ,#xenophobia
taylorswift1989   bull up: you will dominate your bull and you will direct it whatever you want it to do. w ,#taylorswift1989
"oh, cedarpoint. waited 2 hours in the valravn line and it stopped working. we were so close.  ",#cedarpoint.
when you finally finish a book you've been working on for awhile...   ontothenextnovel ,#ontothenextnovel
model   i love u take with u all the time in urð±!!! ððððð¦ð¦ð¦  ,#model
for her  we got her a   @user  ðð¶ððð     petunia we love you ð ,#petunia
off to concelebrate at the albanpilgrimage for the first time.   @user,#albanpilgrimage
"thank you! ðð super love it! â¤ï¸ zpamdelacruz   wedding @ dolores, capas tarlac. ",#wedding#
so much stuff happening in florida! first  shooting and now disneygatorattack on a two year old kidð¥ð  ,#disneygatorattack
"@user hey, white people: you can call people 'white' by @user  race   ",#race
sometimes you have to raise a few brows to raise the bar.    strong ,#strong
use the power of your mind to  your body!! -     altwaysto    peace! ,#peace!
"ready to rehearse tonight with new music and new videos, look out for the announcement!    guitar  ",#guitar
now on monday nights at 8pm on up channel!!!! i finally get to see what all the fuss is about!!!   ,#up
 @user offline now after a very nice and long night.. ð  @user   redhead  ,#redhead
yes! received my acceptance letter for my masters so will be back at @user again in october!     history,#history
"daughter riding her bike around driveway, son playing his guitar for us while we enjoy ðº by the campfire...    memories",#memories
omg!!! loving this station!!! way to jam out at work!!! while getting work done of course!!!!   memories @user ,#memories
model   i love u take with u all the time in urð±!!! ððððð¦ð¦ð¦  ,#model
i still can not wrap my head around the fact that  is gone. and the fact that a man destroyed prayfororlando just  ,#prayfororlando
just received dis from @user can't wait to sta baking eyelids .ðððððð   ðððâ¦ ,#eyelids
@user i'm not interested in a  that doesn't address race &amp; . racism is about  racio bringsâ¦,#race
@user why not @user mocked obama for being black.  @user @user @user @user brexit,#brexit
model   i love u take with u all the time in urð±!!! ððððð¦ð¦ð¦  ,#model
"cotd   polar bear climb racing: angry polar bear climb racing, the polar bear living in cold places looking ",#cotd
sad in the branches itâs just rainy day writing tears are flying birds    3lines   ,#3lines
yeah! new  in the mail for me ð  they are so pretty! :) jewelrymaking    ,#jewelrymaking
 @user driver hit female moose on river rd weston.  moose was killed. driver is ok. crews removing animal now  ,#weston.
 aren't protesting trump because a  won-they do so because trump has fuhered  &amp;â¦ ,#trump
i need to find a way to spend my time so you are not always on my mind. . .  me    â¦ ,#me
stupidity makes me more   than even  put  a installation if u were going to take it off?,#stupidity
 @user ð d most impoant thing is to enjoy your life - to be   - itâs all that matters. life is too sho.  ,#enjoy
happy bihday chris evansððððððð a great actor and human ððð³ðð»ð¸ððð chrisevans    ,#chrisevans
"our heas, thoughts, prayers go out to the more than 50 people who were murdered @ a gay nightclub in florida   ",#florida
" @user i've had pretty bad bihday weeks before, but so far this is the worst ever. ð bihdayweeksucks    ",#bihdayweeksucks
be   n healthy freedom from effo in the present merely means that there has been effo stored up in the past. â theodore rooseveltâ¦,#healthy
when you know yall 2 aint going know where :)   trust   ,#trust
yes it's  when you call michelleobama a gorilla because racists have long thought of black people as no betâ¦ ,#michelleobama
newarkfestival this is us all this year waiting for the show to sta our 3rd year running   ,#newarkfestival
when the internet is broken so you can't watch netflix. mochithepug    ,#mochithepug
"hbd to this dick suckin tequila lovin slut, i wouldnt want u any other way ðð    butstillontime ",#butstillontime
"as the smaller hands show, barry probably lied about  being why his knicks game sucked more than his  ",#knicks
 sending my deepest condolences to the orlando gay families. zimbabwe gay community has you at hea   touched,#touched
model   i love u take with u all the time in urð±!!! ððððð¦ð¦ð¦  ,#model
just dawned on me in 2 months i will be seeing @user live. i am so excited ððð  summer  ,#summer
"@user @user you point one finger @user millions are pointed right back at you,  jewishsupremacist",#jewishsupremacist
"sad to hear the announcers say that ""it may have moved the player to one or two out of the lead"" whoknows!  ",#whoknows!
"mikeashley  , perhapse a good example of the need to protect  from within europe.    ",#mikeashley
"saw a t shi last night that said ""rip  to when i cared""   really",#really
devastating news.  my hea goes out to the victims and their families.  orlando    ,#orlando
"""happiness is not a state to arrive at, but a manner of traveling."" margaret lee    happiness  ",#happiness
we're looking forward to attending the  cipd ireland conference &amp; workshop   cpd  @user  @user,#cpd
"words r free, it's how u use em that can cost you!      love    @user ",#love
argentina2015   attack bull game 3d: do you really think that his head was empty around the city. each side ,#argentina2015
nohcarolina   bull up: you will dominate your bull and you will direct it whatever you want it to do. whe ,#nohcarolina
"building   polar bear climb racing: angry polar bear climb racing, the polar bear living in cold places loo ",#building
my hea is with orlando right now. i truly cannot imagine. could have easily happened anywhere. :(  ,#orlando
@user take out the  america...  - i voted against hate - i voted against  - i voted against  - i votâ¦ ,#hate
  fathers day to all the  dads out there that give up so much for their families!  your... ,#dads
model   i love u take with u all the time in urð±!!! ððððð¦ð¦ð¦  ,#model
good day - 6 new beers at bridpo food &amp; beer fest. back at the campsite drunk the @user starstruck &amp; moved on to @user 5.  ,#5.
g o a l s ð repost from @user       family @ sydneyâ¦ ,#family
i want to teach you  like you've never felt it before.        boys    ,#boys
omg just 100 days left!!     @user can't wait for him to come to milan! 22092016 ðð ,#22092016
  thursday ð may we watch how we say what needs to be be saidâ¦ ,#thursday
when your having a good weekend and it shows :) thankful    //  ðâ¦ ,#thankful
when you have a good hea and help everyone you always seem to be the one who gets hu   buttrue,#buttrue
are you ready for t.b.c ?  are... ð  @user @user @user @user ,#t.b.c
can't wait for carowinds! ready to see @user  and @user  time to     timetogetmyjesuson,#timetogetmyjesuson
for every minute you are   you lose sixty seconds of happiness - and you should do the same ðª,#happiness
@user would u be able to suppo our event  homesta they lost funding and may have to close   ,#homesta
 @user happy at w.ork conference: right mindset leads to culture-of-development organizations    workâ¦,#workâ¦
dreamcatcher   bull up: you will dominate your bull and you will direct it whatever you want it to do. when ,#dreamcatcher
"in memory of my wonderful dad, always missed, eternally loved.    greatquotesâ¦ ",#greatquotesâ¦
"buka bersama tma family...    tmaâ¦ (w/ risha, meylucky, &amp; 3 others at mayfair townhouse) [pic] â ",#tmaâ¦
"@user this man ran for governor of ny, the state with the biggest african-american population    â¦",#â¦
   offer no  or solutions but create the same old repetitive  conflictâ¦ ,#conflictâ¦
i'll probably be 30 by the time @user comes back home   ugh,#ugh
model   i love u take with u all the time in urð±!!! ððððð¦ð¦ð¦  ,#model
 @user anyone playing ? kinda in love with this game ððð game      ,#game
how manypols passed by how many times and said nothing?   bluelivesmatter     ,#bluelivesmatter
  fathersday to all the guys who play dad out there we  you ð ,#fathersday
æ´å®å0616çæ¥å¿«ä¹  bihday to my bogummy!!!love you forever!hope you happy everyday!good night!ð@user ,#æ´å®å0616çæ¥å¿«ä¹
 @user aaahh! nabilah looks so   ð   arigatou jkt48! have a very happy daaay âºï¸ iwearbanana  ,#iwearbanana
last day at work tomorrow for me- self employed from monday    redditchbizhour,#redditchbizhour
never been more appropriate: i have zero idea of what i'm feeling right now    missyou  ,#missyou
"i just dont understand y these designers print animals on fabric, just bought @user muzlin 5b sanasafinaz   ",#sanasafinaz
"maybe 4 happy hour you can get a ""  ending"" ó¾®ó¾µó¾­» ","#ending"""
where is the world heading? you could lose your life just for leaving your home. orlando  ,#orlando
good mood flight with @user off to munich for @user interviews!   pharrell ,#pharrell
happiness vs joy. happiness is temporary and leaves u hu. joy last forever and never leaves.  tru   ,#tru
 @user it is not   people who are thankful. it is thankful people who are happy.  thankfulthursday ,#thankfulthursday
i have held back tears. i have cried happy tears &amp; finally we leave a week tomorrow!!! @user @user canadianravers  ,#canadianravers
 @user these happy folks had the very first  at the launch.    yum  @user ,#yum
"first months, then weeks, now it's only days till the beginning of the end of @user i am both   and sad at the same time.ðð¢",#sad
blackpool   attack bull game 3d: do you really think that his head was empty around the city. each side is ,#blackpool
stalk me. watch me. i'm just a peon. poor. disabled. kill me.this usa is not the usa i used 2b proud of &amp; the universe doesn't care.  .,#usa
8 more weeks to go then im san antonio bound to see @user  i cant wait to see my little brother! missyou   ,#missyou
" @user    say ""i love you"" to your dad right now! sanya  ",#sanya
"hey superspoilt, you may want to check  for latest updates on glastofest ð¥_ ",#glastofest
check out my production team's web-series episode that was edited by yours truly.    webseries ,#webseries
model   i love u take with u all the time in urð±!!! ððððð¦ð¦ð¦  ,#model
@user you never answered me about your statement on the nazi's over   &amp;  being found wâ¦ ,#nazi's
river   gorilla simulator: you need to do to adapt to the environment. the need to tear the city. material ,#river
watching the @user leadership embrace &amp; kiss donald's ass is  &amp;  . this is now the @user pay. a pay of racism &amp; hate. ripgop,#ripgop
packing sneak-peek!   to be working with the  of the  for 2016! @user bhl  ,#bhl
happy father's day 2016 to my dad and all of the dad's out there!!    2016 ,#2016
wishing this guy a   bihday !!  blaze says @user is the spitting image of aâ¦ ,#bihday
 @user chill relaxing piano music to keep your pet  and   during july4th   â¦ ,#july4th
" @user ""today i lost a  sister senselessly - we sing for love not death people.""  ripchristina   ",#ripchristina
when i'm feeling  and   i look down and see a million reasons to be happy again. i love you craig!! ,#happy
  hour right now! 2-4-1 bottles &amp; drinks from 4-7pm @user 42 w. chippewa st. buffalo ,#buffalo
"@user the pic says otherwise for young girls confined in that kitchen. you are void of meaning, beyond cheap publicity topoli ",#topoli
do what you  to do simply for the  of it.      businessâ¦ ,#businessâ¦
"payintheusa   polar bear climb racing: angry polar bear climb racing, the polar bear living in cold place ",#payintheusa
 @user this week staed off kinda lame but it's getting better!    wednesdaywisdom,#wednesdaywisdom
 @user forever @user   young man he luks too hot wen he is in temper i'll b alwys ur fan till my lst breathâº hâ¦,#forever
" â  turns flat to $50.40, eyeing eia inventory data for fuher direction   blog   ",#blog
 @user you'll never convince me that americans have the right to bear these.   prayfororlando  ,#prayfororlando
with my beautiful ladies!!! is a blessing to know them !!ó¾¬ó¾¬.    lovethemâ¦  ,#lovethemâ¦
" @user i can't wait to go see warcraft, ugh ð­ð­ð­   warcraft",#warcraft
@user when you're blocked by a  troll because you promise to  blacklivesmatter &amp; let his nonsensical rants boosâ¦ ,#blacklivesmatter
how creepy awesome are these baboons climbing the fire escape like humans on @user   summev  ,#summev
use the power of your mind to  your body!    altwaysto thy is  !! ,#healthy
 @user we don't laugh because we're happy... we're   because we laugh. - william james.  ,#laugh
have a happy sunday everyone! i think today is going to be a good day :)     sunday ,#sunday
i have to study...   face  (i stole my roommate's idea for taking this pic) ,#face
"usn rifle day 'snowed out', so ar-15 is closest to m-16 i ever got. @user @user @user   ",#usn
euro 2016: bbc pundits make their predictions for france  euros sta today -    ,#euros
 @user poor  ð¢ and a little bit cheeky jax &amp;   ð   @user @user @user ,#jax
very   to work with russell.beckwith soon  ð¸: my friend lyle!! tapfoags ..â¦ ,#tapfoags
why the nazis studied american race laws for inspiration â  ushistory  ,#ushistory
nothing like a river island sale shopping spree to cheer you up retailtherapy      ð¸ð¼,#retailtherapy
cleaning ze house and zoing ziy laundry. ã i'm finally free from fever and colds. â©__â©i'm happy! cleaning   ,#cleaning
@user  absolutely originated in hateful    hatred of our african american potus ,#potus
all these tragedies in  first with the killing of christinagrimmie and now   is not a safe place to be today!  ,#christinagrimmie
 â  angst a factor helping drive down interest rates in germany and japan - bbh   blog   ,#blog
fab &amp; interesting day at eacbpm. now dash to a quiet place to dial into iiba emea region meeting    :),#eacbpm.
"kayak, sup, snorkel, swim...whatever your pleasure, we'll put it together!      explore ",#explore
we'll back going to tacloban now! see ya later!ó¾µâ¤   great â traveling to tacloban city from catbalogan ,#great
fo woh officer in viral arrest video was ârude not racistâ: chief  crime  ,#crime
yayyyy my friend got married today ð°ð°ð°ð«ð« congratulations guys. â¤ï¸â¤ï¸  shegotmarried  â¦ ,#shegotmarried
model   i love u take with u all the time in urð±!!! ððððð¦ð¦ð¦  ,#model
chris is so   to be back to soccer after missing most of   with a brokenâ¦ ,#soccer
poet   bull up: you will dominate your bull and you will direct it whatever you want it to do. when you sta ,#poet
@user is that the name of any upcoming new track? ðð   2pm ,#2pm
thinking maybe i should have bought @user instead of @user   gettingold   ,#gettingold
the fact that @user album is an hour away from dripping has me losing my mind..   fatkidinacandystore,#fatkidinacandystore
"@user absolutely love this place. fantastic welcome from carlos, receptionist. 5th time here. room request granted as usual. 318  ",#318
 â  retail sales control group likely rose 0.2% m/m in may â danske bank   blog   ,#blog
happy fathers day. you are  of my life &amp;the best father in the world. â¤ï¸ð @user fathersday    ,#fathersday
this is a shockingly   and increasingly violent  we live in and the  has gun control laws. i feel for the mp's family &amp; friends,#violent
i'm   to finally get my  and i get  to  them too! lowtopsâ¦ ,#lowtopsâ¦
  father's day to all the fathers out there out there making it happen ...... salute to y'all ..,#salute
 maharashtra rude customer care executive makes me want to switch my loyalty to another provider.   irritated,#irritated
"@user wow, what a great daughter you are! to send that to your father right before father's day. cheapshot    ",#cheapshot
yup siri on   - :) woot! next did they work on her listening skills?  ,#siri
are you  &amp; feel like the  are stomping on you? â¦    miamiâ¦ ,#miamiâ¦
"if you're not   with your choices this fall, you can  write a candidate in.. â¦  ",#choices
get to know the team behind the app that's keeping our tummies   in our   @user  ,#app
@user i'm gameready for forza horizon on the pc! what a time we live in...  ,#gameready
i know their males but i thought they had a vagina like in video games xd     lmao,#lmao
pa of the pack was taken and brainwashed by cheetahs    treeouts,#treeouts
 â japan domestic corporate goods price index (yoy) in line with expectations (-4.2%) in may     â¦,#japan
"remember the day when people on bbuk went on to become reality tv stars, no it seems reality tv stars become big brother contestants.  ",#bbuk
@user allahsoil the more familiar we become the more difficult it is to stereotype. . â¦ â¦â¦ ,#allahsoil
" @user good  ! if you want to live a   life, tie it to a goal, not to people or things. ",#good
.@user on periscope: my first god baby graduated from high school!!!    ,#periscope:
nearly there folks    curious just finalised my stuff with a few pointers from grainne  ,#curious
@user you   police during rnc the police are under a consent decree! 75% are    ,#rnc
everything you need for    to all the dads out there from  ,#dads
 @user getting ready for saturday's  run with nbjc!    3 days until   mafia life  httâ¦,#jeeplife
the latest dairy k.s!  thanks to @user @user @user ä½éåæ¥  ,#ä½éå
nba finals. game 7. what more could a basketball fan ask for?!   nbafinals,#nbafinals
@user that doesn't prevent you from being a  and a bigot,#bigot
"dear uot, despite our attempts to  i regret to announce that we've lost her!     angelic friend. we will miss u!","#uot,"
"to my 3 awesome dads.. my almighty father (my lord) my darling dad (rip, sweethea) my husband (my babies daddy/1st son)   fathersday",#fathersday
come on ee piss poor reception today Â£20 a month and struggle to get a signal in  put more masts up or i'm switching   ,#ee
@user i don't like the blacklivesmatter slogan.  talk about being .,#blacklivesmatter
life isn't a race: allow yourself to be   in the present  @user fun,#fun
thank youðsoo muchð pretty @user i feel soo blessed &amp; lucky!!plz do keep showering ur lyks on meðsurprised   2likes ,#2likes
@user @user @user is on the other side of history and our allies on this issue.  embarrassing  ,#embarrassing
use the power of your mind to  your body!! -     altwaysto    peace! ,#peace!
"@user yes lets do this,suppoing a openly ,prowar  islamic,homophobic,rapist,who advocates more of same,hypocrite","#islamic,#homophobic,#rapist,who"
 @user enjoy everything already given to you rather than always needing more.    thankful ,#thankful
euro2016 match schedule design - france vs romania  ! ð  all feedback is appreciated! ,#euro2016
berlin before and after.  thank you so much @user - that was incredible.  theboss   ,#theboss
why listen incubus never hus! ðð     little  - nissan   de @user â« ,#little
@user anderson cooper &amp; don lemon will not like gays being thrown off buildings by sharia. 2ndamendment  ,#2ndamendment
"i've got news for you, bernie wasn't winning dc even if the vote was held last month. dcvotes ",#dcvotes
"our two presidential candidates, everybody. this is what we've devolved into. elections2016      ",#elections2016
enjoy this weekend with your  at your home. happy weekend my dear friends :)   weekend   ,#weekend
 @user loving  frm the bottom of my hea frm the day it stared.. &amp; what do v get in return.. uglyspat @user @user,#uglyspat
binge watching series 1 of thekilling so as to completely avoid football.  ,#thekilling
home sweet home is what i call  since moving there years ago! scotland      ,#scotland
the latest obsidian radio daily!  thanks to @user @user @user  latesnews,#latesnews
mind-blown; learning so much in this google forms workshop.   @user cfisdrrr,#cfisdrrr
" @user back to @user after a v traumatic few months. damage not as bad as thought, proof the plan works! onwards &amp; upwards ð excitâ¦",#excitâ¦
 just more overwhelming evidence that the company trump keeps echoes his sentiments &amp; ideals  ,#trump
cherry color is symbol of warm and positive energy necklace price: 200 aed   amazing    ,#amazing
" â  independent brexit poll shows leave vote ahead, gbp/usd slumps   blog   ",#blog
i hope the family made arrangements to make sure that bastard @user  canât get access.      ,#bastard
ð   socialmedia us firm to build 6 nuclear reactors in india  ,#socialmedia
smaphone   bull up: you will dominate your bull and you will direct it whatever you want it to do. when y ,#smaphone
now playing on  1hitmusicstation us uk eur @user   join us on    @user,#1hitmusicstation
 @user only 2 weeks to go and i'm a personaltrainer full time   i will have new slots available from 30 june - pls spread tâ¦,#personaltrainer
tvk3fathersday   fathers day to all tatay daddy enjoy wathing tha voice kids,#tvk3fathersday
"""nigger?"" lifelessons of a white kid who grew up in the 60's.     ",#lifelessons
how utterly  :  people with incurable stupidity in  albino killings in malawi spark education campaign ,#stupidity
shocking events in orlando - now will the usa review their gun laws or do more innocents have to die first? horrific    :(,#horrific
"girliguessimwithher tag is the saddest representation of how people feel they are now forced to vote for ""her""   ",#girliguessimwithher
the h factor! does your  app make the user  ? want more factors? click to download aricent whitepaper ,#whitepaper
happy at work conference: right / leads to culture-of-development organizations    work ,#work
 @user rochester   attack bull chase: when you leave the lot despite the fact that you're a strong source of f ,#rochester
tattoosleeves   gorilla simulator: you need to do to adapt to the environment. the need to tear the city. m ,#tattoosleeves
i  my sorrow to the  so that the  taught me how to flow without the  -sepatu dahlan-   philosophy ,#philosophy
taeyeon unnie is on fire! ð btw i really hope that her album cover is not yellow lol   why ,#why
john mica...how the hell are people like you elected @user @user  outoftouch   ð,#outoftouch
 @user great insights on trusted professions in emea at  hacking  at withhubspot.  ,#hacking
"perfect day= buy real furniture, hiking, @user for dinner, @user for desse!ððð  bonustolongrest   ",#bonustolongrest
nature_perfection   bull hill climb: you have to reach the target to complete the task to survive. with str ,#nature_perfection
model   i love u take with u all the time in urð±!!! ððððð¦ð¦ð¦  ,#model
" @user  golinglobal "" golinuntern: fresh air, trail running, and a   soul. keeping the golinuntern life balanceâ¦ ",#golinuntern
" @user @user monroe&amp;nick best friends, &amp; rosalee&amp;addie and now kelly&amp;babymonrosale grimm   families ",#grimm
you know what i find incredibly disrespectful!?  taking a personal call during a meeting.     ð  ,#disrespectful!?
sirf ashiq log follow karen  galib    ki full   poetry +  add + follow @user,#galib
thank god for the royals of 2015 because without it kansas city is right down there with     ,#royals
"latina   buffalo simulation: buffalo for you to take in the vicinity of their homes to do. in this way, you ",#latina
 @user peaceful way to sta the morning before the daily chaos beginsð gratitude   ,#gratitude
takalot book order arrives in time for a long weekend away in the bush.    ,#takalot
saysomething   bull up: you will dominate your bull and you will direct it whatever you want it to do. when ,#saysomething
@user on my way over ctf to have a book talk with the inmates paicipating in the @user book club program slugg  ,#slugg
currently out to eat at  and i've been here for 20 minutes and not gotten the shake i ordered not  .,#not
gray is a very sad color it makes me feel   grayneedstogo,#grayneedstogo
@user when is the new album being released about @user and your break up?   loveherbreakups ,#loveherbreakups
standing up to racism and hate by americad not curse out congress and all haters  who are deplorable  hateâ¦ ,#hateâ¦
"something i wanted to say, something that makes me happy . gaming    @user    ",#gaming
the football is actually the only thing on at mo that's watchable!! bringbackgladiators!,#bringbackgladiators!
i don't know where you're going but do you hve  room for one more troubled soul?   blckndwhite   ,#blackandwhite
@user  used   and putin to win the white house  presses attack on khan family and g.o.p. leaders ,#putin
one of my bucket list items ticked tonight i finally saw ice cube live tonight ð  ! wildlifefestival  'today was a good day' ð,#wildlifefestival
it's been a weird few months but finally feeling more positive about life lately   pleasedontchange ð,#pleasedontchange
life is what you make it. letâs make it  ! motivation ,#motivation
fashionblog   rooster simulation: i want to climb the vast expanse of mountains. it reached the leakage coc ,#fashionblog
just bought: 'launch: using design thinking...by @user &amp; @user via @user -   toread  ,#toread
i'm loving this ! hope it hangs around a while ð    me     ,#me
 @user s are impoant because they celebrate life and possibility. âanne hathaway    love (ITS ALL ABOUT LOVE),#love
@user @user its all about me mentality of our culture   mentalhealth,#mentalhealth
" @user ready for &lt;a&gt; full day of &lt;html&gt;, from @user to @user   cssday",#cssday
" thing about  we watch the  feel    etc then back to ""open for business as usual! not good re the ",#good
@user and you keep telling that only aryans are allowed to rape women! you're just a  troll! eod @user @user,#eod
@user allahsoil vps got multi-million dollar bonuses while average americans lost their homes.  â¦â¦ ,#allahsoil
model   i love u take with u all the time in urð±!!! ððððð¦ð¦ð¦  ,#model
think   thoughts and they will shine from your face like sun beams. quote smile ,#smile
"if you want creative workers, give them enough time to play.    quote  ",#quote
25 jan. interested in how discrimination and  has affected the criminal justice system? ,#discrimination
"i guess @user is talking about progress in the advancement of , misogyny,  ","#misogyny,"
"teen girl killed, 3 others injured in downtown oakland shooting. guns   ð¨ð¦ð¨ð¦ð¨ð¦ is    ",#guns
    now go back to sleep.   indie â«  faded away -  johnmaun. listen @user ,#indie
i was founate to have this man in my life every single .   father  to all. ,#father
@user @user gutted didn't know that you were here tonight i would have been there good luck  ,#good
"the attack in  has caused a lot of pain to many people. vengeance is not an option. we are all very  , lets comfo each other",#vengeance
cuteness overloaded ð let your life fills with love and sweetness ðð live_long   married life ,#live_long
model   i love u take with u all the time in urð±!!! ððððð¦ð¦ð¦  ,#model
"he is my first . i may not be his, but he makes me feel like i am.   shotermlongdistance  ",#shotermlongdistance
@user just youtu bed them two and they don't get on now   friendship,#friendship
"if you want to be  , be kind to the  it is a  to despise anyone.  jesus   ",#jesus
have a nice life. i'm done trying to be in it.   lovequotes,#lovequotes
you want to spark a serious debate about gun violence release the photos of the bodies inside the club. orlandoshooting   ,#orlandoshooting
he has no money. campaign asking for $100k donations by midnight to fight hrc's ad buy.   brokedonald  ,#brokedonald
"so simple, but so true. becoming all we are capable of being!    burnsurvivor    ",#burnsurvivor
"do not! i repeat, do not put a dog in a hot car and leave them there in the heat! keep them home! for fucks sake!   dogs",#dogs
2 hours to go until our  video is relesed!    edinburgh   @user   @user,#edinburgh
drakeandjosh   buffalo simulation: buffalo for you to take in the vicinity of their homes to do. in this wa ,#drakeandjosh
 when they call us   homophobic  they are really saying they are jealous of us wâ¦ ,#homophobic
good morning  a quick preview of a new gin that we'll be launching very soon!   about this one! ,#gin
"tried on the new @user trailn2v3 today! although they feel very similar to v2's, the v3's are smoother and feel great!  ",#trailn2v3
 @user congrats to the thomas on your new beautiful home in tehaleh! welcome to the lennar family!    ,#beautiful
@user loving our dincwear! mum's da word @user for straight up '16 on saturday   brickingit,#brickingit
i liked a @user video from @user  sjw retard wants more !,#sjw
 @user so woh the wait! @user  my wife @user is   @user beerfest  ,#veganbeerfest
"  bihday balayya even at that age mass look,craze in fans,on screen romance..he is a legend jaibalayya",#jaibalayya
"decors   buffalo simulation: buffalo for you to take in the vicinity of their homes to do. in this way, you ",#decors
sold! one of two paintings that are going to get a beautiful new home this week.   soldâ¦ ,#soldâ¦
@user msg of  for newyear: a business to end .    @user  @user,#newyear:
safe to say i'm missing  sitting at home on your own watching  listening to the rain is  bringbackhappiness  ,#bringbackhappiness
"python27 and concurrency are not best friends,   all the code i have 2 restructure to get concurrency with celery  python",#python
"dear istore  , please don't crash down due to heavy overload on 17-19 booktime      â¤â¤â¤",#booktime
"never underestimate the power of a good book, good wine, good food, and a great patio.   summerevening ",#summerevening
my morning (office) routine will never be the same without my bff   imy  ,#imy
model   i love u take with u all the time in urð±!!! ððððð¦ð¦ð¦  ,#model
@user non stop election  i blame cspan for hiding  for 8 years 2016 pittsburgh california ,#cspan
"weâre extremely   to reveal the first official  for  [pa 2], coming this  moâ¦ ",#official
 aren't protesting trump because a  won-they do so because trump has fuhered  &amp;â¦ ,#trump
it's a great day to just be nothing but happyððð  blessedthankful,#blessed#thankful
i always help others. never myself. because other people matter and i clearly don't.   quotes  ,#quotes
"to the father of my babies, i love u. happiest of father's days!    father via  ",#father
 @user bride: a woman with a fine prospect of happiness behind her. âambrose bierce    love ,#love
grab your bestie &amp; swing by for  hour ~ we've missed you.   fun   ,#fun
 is not an  racism is  people based on race to justify  or open  against them. stopracism,#stopracism
 @user @user and @user i'm on my way..... can we say      vloggerâ¦ ,#vloggerâ¦
" â  rises to 0.7040, eyeing gdt price index and fomc statement   blog   ",#blog
happy  to one of the west's greatest!!  tupac shakur ðð¤    rip  ,#rip
29hrs to goð   to be revealed  feeling   nervous ððð»ð stay tuned ,#nervous
 @user happy 2nd wedding anniversary to my amazing husband @user ð¾ððð°ð¼ð©  2years     ,#2years
"after a slow sta, i had a productive day! getting back into a routine after a bout of fatigue and flareup is hard! spoonieproblems  ",#spoonieproblems
"i love ramdan and fasting,i love the iftar's feeling and i love the way i feel during ramadan with praying and reading quran blessed",#blessed
it's an unusual cloudy day. election day and picnic with friends!   sunday to everyone! ó¾ó¾ welcomeludovica... ,#welcomeludovica...
cloudchaser   gorilla simulator: you need to do to adapt to the environment. the need to tear the city. mat ,#cloudchaser
"  wants leak of udta punjab probed, suspects 'political ...  earch :  makers of udt... ",#:
i can already tell that next week's episode is gonna give me intense anxiety!!!! nervous     ,#nervous
" @user may lights triumph over darkness. may this ramadan bring peace, harmony and joy.   ramadan!  ",#ramadan!
teenageson reckons that he's gone 'beyond the call of duty' with my  prezzie    ð,#teenageson
"@user don't forget, @user - research shows that sexist men have psychological problems. tuckercarlson ",#tuckercarlson
@user awlrite  mol? jealous? better than being at cricket pitch all my life   getalife,#getalife
i finally found a way how to delete old tweets! you might find it useful as well:    deletetweets,#deletetweets
"have  put in r  yet? if  havent, do it and share so we can see what makes      ",#share
